baseline,corrupted_baseline
-0.8265822529792786,-0.860529363155365
