baseline,corrupted_baseline
0.28648215532302856,-0.22279654443264008
